[{"created_at": "Thu Feb 28 20:38:59 +0000 2013", "favorite_count": 10, "id_str": "307228427142971392", "in_reply_to_screen_name": null, "retweet_count": 4, "text": "And to celebrate Thirsty Thursday... a large sweet tea. #pinkiesoutbiddies", "is_retweet": false, "source": "Twitter Web Client"}, {"created_at": "Thu Feb 28 20:22:14 +0000 2013", "favorite_count": 19, "id_str": "307224209623502849", "in_reply_to_screen_name": null, "retweet_count": 15, "text": "Y'all I'm sick of this healthy FLOTUS platform. Back off Mama Obama, #mamaneedsherchicken.", "is_retweet": false, "source": "Twitter for iPhone"}, {"created_at": "Thu Nov 22 17:40:05 +0000 2012", "favorite_count": 5, "id_str": "271669390959857664", "in_reply_to_screen_name": null, "retweet_count": 1, "text": "Step back @GovBevPerdue. Get your own state symbol. Love, #thepalmettostate http://t.co/dXu78ZY5", "is_retweet": false, "source": "Twitter for iPhone"}, {"created_at": "Mon Sep 17 04:40:08 +0000 2012", "favorite_count": 2, "id_str": "247555512739188736", "in_reply_to_screen_name": null, "retweet_count": 0, "text": "The @GovBevPerdue twitter account shut down? That's just one more unemployed North Carolinian y'all.", "is_retweet": false, "source": "Twitter for iPhone"}, {"created_at": "Tue Sep 04 15:14:22 +0000 2012", "favorite_count": 4, "id_str": "243004081373847552", "in_reply_to_screen_name": null, "retweet_count": 3, "text": "Declarin a holiday today y'all. Shut down the offices and close the banks, the Pumpkin Spice latte is back. #Starbucks", "is_retweet": false, "source": "Twitter for iPhone"}, {"created_at": "Sun Sep 02 00:41:02 +0000 2012", "favorite_count": 4, "id_str": "242059524582805504", "in_reply_to_screen_name": null, "retweet_count": 3, "text": "Y'all know which play wins! RT @Sapakoff: Update on the Clemson play-signal flip card: Mrs Obama on one side, Nikki Haley on the other.", "is_retweet": false, "source": "Twitter for iPhone"}, {"created_at": "Wed Aug 29 06:21:15 +0000 2012", "favorite_count": 3, "id_str": "240695593230532608", "in_reply_to_screen_name": null, "retweet_count": 4, "text": "That's why Gov Christie is so big, he's full of secrets.", "is_retweet": false, "source": "Twitter for iPhone"}, {"created_at": "Mon Aug 27 19:20:38 +0000 2012", "favorite_count": 2, "id_str": "240166954801979394", "in_reply_to_screen_name": null, "retweet_count": 1, "text": "#NikkiThoughts: Make English the official language so Mama's feet don't get picked on anymore at the nail salon.", "is_retweet": false, "source": "Twitter Web Client"}, {"created_at": "Mon Aug 27 18:47:29 +0000 2012", "favorite_count": 0, "id_str": "240158611123347456", "in_reply_to_screen_name": null, "retweet_count": 0, "text": "Ooh Wee! Me and Condi are gonna go get some pamperin done y'all! Mama's gotta look good for her speech tomorrow! #RNCconvention", "is_retweet": false, "source": "Twitter Web Client"}, {"created_at": "Sun Aug 26 04:10:03 +0000 2012", "favorite_count": 0, "id_str": "239575412013932544", "in_reply_to_screen_name": null, "retweet_count": 2, "text": "Y'all, sometimes I just wanna be the big spoon. #mamaloveshercuddlin", "is_retweet": false, "source": "Twitter for iPhone"}, {"created_at": "Thu Aug 23 13:59:34 +0000 2012", "favorite_count": 0, "id_str": "238636604263120896", "in_reply_to_screen_name": null, "retweet_count": 2, "text": "Lawless governor? Hey @thestate, remember the last time you wrote an article bashing me? Mama will end you. \n\nhttp://t.co/7VEYIxjE", "is_retweet": false, "source": "Twitter for iPhone"}, {"created_at": "Thu Aug 23 05:00:22 +0000 2012", "favorite_count": 0, "id_str": "238500909997518848", "in_reply_to_screen_name": null, "retweet_count": 0, "text": "SHA LA LA LA LA LA LA LA LA LA DE DA Brown Eyed Girl! Come hang out at five points yall! #rowdynight", "is_retweet": false, "source": "Twitter for iPhone"}, {"created_at": "Sun Aug 19 14:47:37 +0000 2012", "favorite_count": 2, "id_str": "237199145574727681", "in_reply_to_screen_name": null, "retweet_count": 0, "text": "Y'all I know God rested on the seventh day, but I bet it was with a side of chicken. I'm looking at you Chick-fil-A #mamaneedsherchicken", "is_retweet": false, "source": "Twitter for iPhone"}, {"created_at": "Mon Aug 13 23:16:22 +0000 2012", "favorite_count": 1, "id_str": "235152846620876800", "in_reply_to_screen_name": null, "retweet_count": 1, "text": "My next role: NFL referee. Anything men can do, I can screw up. #whoneedsVP", "is_retweet": false, "source": "Twitter for iPhone"}, {"created_at": "Mon Aug 13 23:13:30 +0000 2012", "favorite_count": 1, "id_str": "235152128056897536", "in_reply_to_screen_name": null, "retweet_count": 2, "text": "Y'all I gotta recognize Bob Jones students. Long skirts + hot weather = heroes.", "is_retweet": false, "source": "Twitter for iPhone"}, {"created_at": "Sat Aug 11 18:53:36 +0000 2012", "favorite_count": 5, "id_str": "234361943077564416", "in_reply_to_screen_name": null, "retweet_count": 5, "text": "It's not like I wanted the VP job anyway. Importing my Chick-fil-A to DC would be a hassle y'all. #mamaneedsherchicken", "is_retweet": false, "source": "Twitter for iPhone"}, {"created_at": "Sat Aug 11 16:49:15 +0000 2012", "favorite_count": 3, "id_str": "234330650398838784", "in_reply_to_screen_name": null, "retweet_count": 1, "text": "Enjoy my sloppy seconds @RepPaulRyan. #notbitter", "is_retweet": false, "source": "Twitter for iPhone"}, {"created_at": "Sat Aug 11 13:23:23 +0000 2012", "favorite_count": 0, "id_str": "234278844184543232", "in_reply_to_screen_name": "SpeakerRyan", "retweet_count": 0, "text": "@RepPaulRyan Not jealous.", "is_retweet": false, "source": "Twitter for iPhone"}, {"created_at": "Sat Aug 11 13:16:50 +0000 2012", "favorite_count": 0, "id_str": "234277194560581632", "in_reply_to_screen_name": null, "retweet_count": 0, "text": "After much consideration, I have decided to remove my name from VP consideration. All good things must come to an end. RIP #RomneyHaley2012", "is_retweet": false, "source": "Twitter for iPhone"}, {"created_at": "Sat Aug 11 12:29:31 +0000 2012", "favorite_count": 0, "id_str": "234265287703273472", "in_reply_to_screen_name": null, "retweet_count": 2, "text": "PAUL RYAN?! What is this bullshit? I demand a recount! VETO VETO VETO!", "is_retweet": false, "source": "Twitter for iPhone"}, {"created_at": "Sat Aug 11 04:34:06 +0000 2012", "favorite_count": 1, "id_str": "234145643432660992", "in_reply_to_screen_name": null, "retweet_count": 0, "text": "Mama needs some beauty sleep before the big VP announcement tomorrow! So anxious y'all! #RomneyHaley2012", "is_retweet": false, "source": "Twitter for iPhone"}, {"created_at": "Fri Aug 10 20:01:14 +0000 2012", "favorite_count": 0, "id_str": "234016576268038144", "in_reply_to_screen_name": null, "retweet_count": 2, "text": "#NikkiThoughts You know what would make Myrtle Beach even better? Drive thru daiquiri bars. Here's to you @BobbyJindal #inspiredbyLouisiana", "is_retweet": false, "source": "Twitter Web Client"}, {"created_at": "Wed Aug 08 22:08:05 +0000 2012", "favorite_count": 0, "id_str": "233323726102482944", "in_reply_to_screen_name": null, "retweet_count": 1, "text": "RT @ambernim: Can Twitter parody account @GovHaleySC out-Nikki the SC gov? Take our quiz and see. http://t.co/tUeEH6ev #nikkihaley #scgov", "is_retweet": true, "source": "Twitter Web Client"}, {"created_at": "Wed Aug 08 20:48:06 +0000 2012", "favorite_count": 0, "id_str": "233303596987453441", "in_reply_to_screen_name": null, "retweet_count": 1, "text": "I'm glad last week's #ChickfilA hoopla is over y'all, 'cause #mamaneedsherchicken and lines just aint happenin.", "is_retweet": false, "source": "Twitter Web Client"}, {"created_at": "Mon Aug 06 16:23:49 +0000 2012", "favorite_count": 0, "id_str": "232512309732450306", "in_reply_to_screen_name": null, "retweet_count": 1, "text": "Y'all I can't wait to speak at the #RNCconvention. @CondoleezzaRice, I hear there's an open bar! #bottomsupCondi #21days", "is_retweet": false, "source": "Twitter for iPhone"}, {"created_at": "Fri Aug 03 23:03:38 +0000 2012", "favorite_count": 0, "id_str": "231525764321931264", "in_reply_to_screen_name": null, "retweet_count": 0, "text": "Just another reason I love Bill O'Reilly y'all. And with that, time for daiquiris in Dirty Myrtle. #cheers \n  http://t.co/GGkeKQE3", "is_retweet": false, "source": "Twitter for iPhone"}, {"created_at": "Thu Aug 02 21:35:54 +0000 2012", "favorite_count": 1, "id_str": "231141297807831040", "in_reply_to_screen_name": null, "retweet_count": 0, "text": "Hangin out with the other governors talkin about our Zombie Action Plans. Gotta have a ZAP y'all. #mamadontmessaround #ZombieApocalypse", "is_retweet": false, "source": "Twitter for iPhone"}, {"created_at": "Thu Aug 02 15:15:16 +0000 2012", "favorite_count": 0, "id_str": "231045510331510784", "in_reply_to_screen_name": null, "retweet_count": 0, "text": "\"You, you may say I'm a dreamer, but I'm not the only one. I hope some day you'll join us, and the world will be as one.\" #RomneyHaley2012", "is_retweet": false, "source": "Twitter Web Client"}, {"created_at": "Wed Aug 01 01:22:41 +0000 2012", "favorite_count": 0, "id_str": "230473595141365760", "in_reply_to_screen_name": null, "retweet_count": 0, "text": "RT @properkidprobs #PKPWordsOfAdvice Those who dislike you are often the ones who are most envious of you. Take it as a compliment.", "is_retweet": false, "source": "Twitter Web Client"}, {"created_at": "Wed Aug 01 00:58:10 +0000 2012", "favorite_count": 0, "id_str": "230467425559261185", "in_reply_to_screen_name": null, "retweet_count": 2, "text": "RT @sidnimms: I'm honored that @govhaleysc followed me based on my prior tweets. Haha", "is_retweet": true, "source": "Twitter Web Client"}, {"created_at": "Wed Aug 01 00:52:24 +0000 2012", "favorite_count": 0, "id_str": "230465973365383168", "in_reply_to_screen_name": "apowell918", "retweet_count": 0, "text": ".@apowell918 Girls just wanna have fun! #teaparties #littlesandwiches #pinkiesout!", "is_retweet": false, "source": "Twitter Web Client"}, {"created_at": "Wed Aug 01 00:30:52 +0000 2012", "favorite_count": 0, "id_str": "230460555842949120", "in_reply_to_screen_name": "apowell918", "retweet_count": 0, "text": "Which one? \"@apowell918: @GovHaleySC @govbevperdue @maggiemae0412 how does it feel to be the most hated woman in America?\"", "is_retweet": false, "source": "Twitter Web Client"}, {"created_at": "Tue Jul 31 23:13:44 +0000 2012", "favorite_count": 0, "id_str": "230441144327221249", "in_reply_to_screen_name": "HuffingtonPost", "retweet_count": 0, "text": "BAHAHA \"@HuffingtonPost This guy thought his girlfriend was cheating on him w/ Mitt Romney, so he beat her up (PHOTO) http://t.co/jnKcQqWg\"", "is_retweet": false, "source": "Twitter Web Client"}, {"created_at": "Tue Jul 31 23:11:39 +0000 2012", "favorite_count": 0, "id_str": "230440620500594688", "in_reply_to_screen_name": null, "retweet_count": 1, "text": "#Nikkithoughts I bet @GovBevPerdue never had to deal with this shit. #sctweets #scpol", "is_retweet": false, "source": "Twitter Web Client"}, {"created_at": "Tue Jul 31 22:48:32 +0000 2012", "favorite_count": 0, "id_str": "230434802564755456", "in_reply_to_screen_name": null, "retweet_count": 0, "text": "Happy Birthday @JoeWilson. You don't look a day over 30... and I aint lyin'! #cheapjokes #sorrynotsorry", "is_retweet": false, "source": "Twitter Web Client"}, {"created_at": "Tue Jul 31 18:11:05 +0000 2012", "favorite_count": 0, "id_str": "230364976924200960", "in_reply_to_screen_name": null, "retweet_count": 0, "text": "Workin on my VP campaign in Michigan today. It's only 84 degrees out! Mama needs a coat! #brrrrr", "is_retweet": false, "source": "Twitter Web Client"}, {"created_at": "Tue Jul 31 16:46:22 +0000 2012", "favorite_count": 0, "id_str": "230343656861741056", "in_reply_to_screen_name": null, "retweet_count": 0, "text": "*your \u201c@maggiemae0412: @GovHaleySC St is the abbreviation for state - guess someone you age should know that but doesn't\u201d", "is_retweet": false, "source": "Twitter for iPhone"}, {"created_at": "Tue Jul 31 16:45:30 +0000 2012", "favorite_count": 0, "id_str": "230343438384644096", "in_reply_to_screen_name": null, "retweet_count": 1, "text": "If they ever make me take The Dixie down from the State House, I'll replace it with this: http://t.co/ESGS2Nie", "is_retweet": false, "source": "Camera on iOS"}, {"created_at": "Tue Jul 31 15:45:42 +0000 2012", "favorite_count": 0, "id_str": "230328391792984064", "in_reply_to_screen_name": "maggiemae0412", "retweet_count": 0, "text": "@maggiemae0412 define \"everyone.\" Also, how does one govern streets? I understand how abbreviations could be confusing for someone your age.", "is_retweet": false, "source": "Twitter for iPhone"}, {"created_at": "Tue Jul 31 15:10:38 +0000 2012", "favorite_count": 0, "id_str": "230319566235004928", "in_reply_to_screen_name": null, "retweet_count": 0, "text": "I'ma do me \u201c@trevzb: SC, you have a governor that posts hair-band lyrics on her official FB page. Seriously?http://t.co/0DdSXkMa #sctweets\"", "is_retweet": false, "source": "Twitter for iPhone"}, {"created_at": "Tue Jul 31 01:31:39 +0000 2012", "favorite_count": 0, "id_str": "230113463819722752", "in_reply_to_screen_name": "CoCoBrown_91", "retweet_count": 0, "text": "@andyKissNkicks Girl let's go to Five Points and talk about it! #letsgetrowdyyall", "is_retweet": false, "source": "Twitter Web Client"}, {"created_at": "Mon Jul 30 19:46:56 +0000 2012", "favorite_count": 1, "id_str": "230026713575342080", "in_reply_to_screen_name": null, "retweet_count": 1, "text": "Nothin' I love better than a good sing along/cry in the car. \"AND I'M FREEEEEE! FREEE FALLLINNNNN!!\" #classic", "is_retweet": false, "source": "Twitter Web Client"}, {"created_at": "Mon Jul 30 19:39:34 +0000 2012", "favorite_count": 0, "id_str": "230024860024328193", "in_reply_to_screen_name": null, "retweet_count": 0, "text": "I did it again y'all. Silly me. #mathishard RT @nikkihaley \"We will be honoring Jerry Richardson &amp; celebrating 20 years of the Panthers...\"", "is_retweet": false, "source": "Twitter Web Client"}, {"created_at": "Mon Jul 30 19:03:50 +0000 2012", "favorite_count": 0, "id_str": "230015864185950208", "in_reply_to_screen_name": null, "retweet_count": 1, "text": "Y'all can you blame a girl for wanting Number One Observatory Circle to herself? @fitsnews http://t.co/QiPSbNKx", "is_retweet": false, "source": "Twitter Web Client"}, {"created_at": "Mon Jul 30 17:52:12 +0000 2012", "favorite_count": 1, "id_str": "229997837239328770", "in_reply_to_screen_name": null, "retweet_count": 1, "text": "I prefer HBIC, Mitt. #checkyoself RT @cockymittromney When I'm President I'll be changing the Vice President position's name to \"Not Mitt.\"", "is_retweet": false, "source": "Twitter Web Client"}, {"created_at": "Mon Jul 30 17:32:22 +0000 2012", "favorite_count": 0, "id_str": "229992846290194433", "in_reply_to_screen_name": null, "retweet_count": 0, "text": "The Carolina Panthers are my favorite team y'all! I just get my teens and twenties mixed up. #mathishard http://t.co/KwLx95bf", "is_retweet": false, "source": "Twitter Web Client"}, {"created_at": "Sun Jul 29 23:01:19 +0000 2012", "favorite_count": 0, "id_str": "229713240823828481", "in_reply_to_screen_name": null, "retweet_count": 0, "text": "#nikkithoughts: Mandate Chick-fil-A employees respond to any \"thank you\" with \"It's a great day in South Carolina.\"", "is_retweet": false, "source": "Twitter for iPhone"}, {"created_at": "Sun Jul 29 20:22:00 +0000 2012", "favorite_count": 1, "id_str": "229673147849392129", "in_reply_to_screen_name": null, "retweet_count": 0, "text": "#nikkithoughts: Considering a mandate that Chick-fil-A remain open on Sundays. Best hangover cure y'all. #mamaneedsherchicken", "is_retweet": false, "source": "Twitter for iPhone"}, {"created_at": "Sun Jul 29 19:14:51 +0000 2012", "favorite_count": 0, "id_str": "229656248121958400", "in_reply_to_screen_name": null, "retweet_count": 0, "text": "Clemson alumnus are in charge of the nations two greatest treasures: the great state of SC and Hooters. #mamalovesherchicken #gotigers", "is_retweet": false, "source": "Twitter for iPhone"}, {"created_at": "Sun Jul 29 03:55:14 +0000 2012", "favorite_count": 0, "id_str": "229424819228258304", "in_reply_to_screen_name": "ToddKincannon", "retweet_count": 0, "text": "@ToddKincannon you can play hard to get all you want, it only makes me want you more. #cantisnotanoption", "is_retweet": false, "source": "Twitter for iPhone"}, {"created_at": "Sun Jul 29 03:44:08 +0000 2012", "favorite_count": 0, "id_str": "229422028405497857", "in_reply_to_screen_name": null, "retweet_count": 1, "text": "Feeling a rowdy night y'all. @toddkincannon meet me at five points in ten? ... Or @andrebauersc. Whoever gets here first.", "is_retweet": false, "source": "Twitter for iPhone"}, {"created_at": "Sun Jul 29 00:19:07 +0000 2012", "favorite_count": 0, "id_str": "229370431445028864", "in_reply_to_screen_name": null, "retweet_count": 0, "text": "Just got off the phone with Romney. Weighing the pros and cons of VP. DC has Chick-Fil-A, right? #mamaneedsherchicken", "is_retweet": false, "source": "Twitter for iPhone"}, {"created_at": "Sat Jul 28 20:20:13 +0000 2012", "favorite_count": 0, "id_str": "229310313655308288", "in_reply_to_screen_name": null, "retweet_count": 2, "text": "Hey @GovBevPerdue, our states are tied at 9.4% unemployment! #46inthenation #Twinsies!", "is_retweet": false, "source": "Twitter Web Client"}, {"created_at": "Sat Jul 28 03:14:08 +0000 2012", "favorite_count": 0, "id_str": "229052090511671296", "in_reply_to_screen_name": null, "retweet_count": 0, "text": "If @marksanford can have an Argentinean, can I hike Appalachian trail with an Englishman? #London2012 #soulmates #OlympicFever", "is_retweet": false, "source": "Twitter for iPhone"}, {"created_at": "Sat Jul 28 02:10:10 +0000 2012", "favorite_count": 0, "id_str": "229035994333208576", "in_reply_to_screen_name": null, "retweet_count": 0, "text": "HBIC Y'ALL. #GreatDayinSC", "is_retweet": false, "source": "Twitter for iPhone"}, {"created_at": "Sat Jul 28 02:06:10 +0000 2012", "favorite_count": 0, "id_str": "229034986311921664", "in_reply_to_screen_name": "nettie_b", "retweet_count": 0, "text": "I always knew my personal life would scrutinized as Governor, but this is a new low. #cantholdmedown \"@nettie_b This can't be real\"", "is_retweet": false, "source": "Twitter for iPhone"}, {"created_at": "Sat Jul 28 01:55:44 +0000 2012", "favorite_count": 1, "id_str": "229032359645818881", "in_reply_to_screen_name": "SarahPalinUSA", "retweet_count": 0, "text": "@SarahPalinUSA Girl, let's you and me go get some chick-n-minis sometime. #taxpayerdollarsyall #ChickfilA4eva", "is_retweet": false, "source": "Twitter for iPhone"}, {"created_at": "Sat Jul 28 01:39:13 +0000 2012", "favorite_count": 0, "id_str": "229028204042678273", "in_reply_to_screen_name": "ToddKincannon", "retweet_count": 0, "text": "@ToddKincannon TAKE ME HOME TONIGHT. I don't wanna let you go to see the light.", "is_retweet": false, "source": "Twitter for iPhone"}, {"created_at": "Fri Jul 27 22:49:19 +0000 2012", "favorite_count": 0, "id_str": "228985445709643776", "in_reply_to_screen_name": null, "retweet_count": 2, "text": "Not sure which I love reading more: @thestate Newspaper or Fifty Shades of Grey. Common theme: I'm really into dominating. #summerreading", "is_retweet": false, "source": "Twitter Web Client"}, {"created_at": "Fri Jul 27 22:04:03 +0000 2012", "favorite_count": 1, "id_str": "228974054462349312", "in_reply_to_screen_name": null, "retweet_count": 0, "text": "You call it nepotism, I call it creating jobs. Workin on unemployment y'all! #doingmyduty", "is_retweet": false, "source": "Twitter Web Client"}, {"created_at": "Fri Jul 27 22:01:33 +0000 2012", "favorite_count": 0, "id_str": "228973425551626240", "in_reply_to_screen_name": "GovBevPerdue", "retweet_count": 1, "text": "@GovBevPerdue You're my hero. #Reelection2014", "is_retweet": false, "source": "Twitter Web Client"}]